{
  "lessons_count": 0,
  "last_refresh_ts": "2026-05-04T13:40:00.005771637+00:00",
  "overall_trades": 2,
  "overall_wins": 1,
  "overall_losses": 1,
  "overall_net_pnl": -2.0360886539074055
}