{
  "lessons_count": 0,
  "last_refresh_ts": "2026-05-07T06:32:40.194543882+00:00",
  "overall_trades": 5,
  "overall_wins": 1,
  "overall_losses": 4,
  "overall_net_pnl": -3.9336485534798795
}