{
  "lessons_count": 0,
  "last_refresh_ts": "2026-05-06T20:59:10.482000742+00:00",
  "overall_trades": 5,
  "overall_wins": 1,
  "overall_losses": 4,
  "overall_net_pnl": -3.9336485534798795
}