{
  "lessons_count": 0,
  "last_refresh_ts": "2026-05-04T09:51:07.688752826+00:00",
  "overall_trades": 1,
  "overall_wins": 0,
  "overall_losses": 1,
  "overall_net_pnl": -4.092834526449733
}